"imno","filnamn","P_Acer","P_Aesculus","P_Brassicaceae","P_Centaurea.cyanus","P_Cytisus","P_Glechoma.hederacea","P_Laburnum","P_Lamium","P_Lonicera","P_Lupinus","P_Papaver","P_Phacelia","P_Pinaceae","P_Potentilla.group","P_Prunus.group","P_Prunus.groupB","P_Pulmonaria.group","P_Quercus","P_Rhododendron","P_Robinia","P_Salix","P_Sambucus","P_Symphytum","P_Taraxacum","P_Tilia","P_Trifolium.pratense","P_Trifolium.repens.group","P_Viola.arvensis.group","P_zzRaisins","n","S"
1002079,"BB_1_NaOA3_R2 1002079",0,0,0,0,0,0,0,1,155,0,0,0,0,0,3,0,0,0,0,0,0,0,0,0,0,0,0,0,32,191,1.75336883093815
1002030,"BB_10_HoA3_R2 1002030",0,0,0,0,0,0,0,0,0,0,0,0,0,0,0,185,0,0,0,0,0,0,0,0,0,0,0,0,21,206,1.39003454818836
1002186,"BB_100_BoA1_R3 1002186",0,0,0,148,0,0,0,0,0,0,0,0,0,0,0,1,0,0,0,0,0,0,0,0,0,0,0,0,2,151,1.11646692579547
1002158,"BB_101_BrA3_R2-2 1002158",0,147,0,0,0,0,0,0,0,0,0,0,0,0,0,0,0,0,0,0,0,0,0,0,0,0,0,0,10,157,1.2674584766165
1002176,"BB_103_NaVA2_R2-2 1002176",0,149,0,0,0,0,0,0,0,0,0,0,0,0,0,0,0,0,0,0,0,0,0,0,0,0,0,0,12,161,1.30370807238662
1002160,"BB_105_NaVA1_R2-2 1002160",2,140,2,0,0,0,0,0,0,0,0,0,0,0,0,0,0,0,0,0,0,0,0,0,0,0,0,0,16,160,1.57877486397713
1002052,"BB_106_KrA1_R2 1002052",0,187,0,0,0,0,0,0,0,0,0,0,0,0,0,0,0,0,0,0,0,0,0,0,0,0,0,0,10,197,1.22232053300583
1002146,"BB_107_BrA1_R2-2 1002146",0,0,0,0,0,0,0,0,5,0,0,0,0,0,0,0,0,0,0,0,0,12,0,0,0,0,0,0,4,21,2.6573256145194
1002206,"BB_108_KaA3_R3 1002206",0,0,1,0,0,0,0,0,0,0,0,0,0,0,0,0,0,0,0,0,0,0,0,0,0,0,201,0,30,232,1.51021755502497
1001920,"BB_11_NaOA3_R1 1001920",0,0,0,0,0,0,0,185,0,0,0,0,1,0,0,0,0,0,0,0,0,0,0,0,0,0,0,0,30,216,1.53995283838264
1001992,"BB_117_BoA2_R2 1001992",0,7,106,0,0,0,0,0,0,0,0,0,0,0,0,0,0,0,0,0,0,0,0,0,0,0,0,0,15,128,1.76183022604606
1002150,"BB_118_BrA2_R2-2 1002150",0,0,0,0,0,0,0,0,0,0,0,0,0,0,0,0,0,0,0,0,0,0,65,0,0,0,0,0,3,68,1.1981951588827
1002000,"BB_119_BoA3_R2 1002000",0,155,0,0,0,0,0,0,0,0,0,0,0,0,0,0,0,0,0,0,0,0,0,0,0,0,0,0,7,162,1.19484259574424
1002109,"BB_12_RyNA2_R2 1002109",0,0,223,0,0,0,0,0,0,0,0,0,0,0,0,0,0,0,0,0,0,0,0,0,0,0,0,0,5,228,1.11121887088718
1002137,"BB_121_StMA2_R2-2 1002137",0,0,0,0,0,0,0,0,148,0,0,0,0,0,0,0,0,0,0,0,0,0,0,0,0,0,0,0,18,166,1.40949023089981
1002092,"BB_122_NaVA2_R2 1002092",131,32,0,0,0,0,0,0,0,0,0,0,0,0,0,0,0,0,0,0,0,0,0,0,0,0,0,0,15,178,2.10138637891106
1002042,"BB_126_KaA3_R2 1002042",0,0,0,0,0,0,0,0,0,0,0,0,0,0,0,48,0,0,0,0,0,0,0,0,0,0,0,0,40,88,1.99174121480513
1002164,"BB_127_NaVA1_R2-2 1002164",0,0,0,0,0,0,0,0,1,0,0,0,1,0,161,0,0,0,0,0,0,0,0,0,0,0,0,0,8,171,1.29710327302503
1002132,"BB_131_StMA1_R2-2 1002132",0,0,0,0,0,0,0,0,0,0,0,0,0,0,0,0,0,0,0,0,0,0,19,0,0,0,0,0,83,102,1.61732839028691
1002139,"BB_132_StMA2_R2-2 1002139",0,0,0,0,0,0,0,0,0,0,0,0,0,0,0,175,0,0,0,0,0,0,0,0,0,0,0,0,25,200,1.45756926498109
1002001,"BB_133_BoA3_R2 1002001",0,0,0,0,0,0,0,0,0,0,0,0,0,0,0,0,0,0,0,0,0,0,0,0,0,0,0,0,6,6,1
1002110,"BB_137_RyNA2_R2 1002110",0,0,0,0,0,0,0,0,0,67,0,0,0,0,0,0,0,0,2,0,0,0,0,0,0,0,0,0,23,92,1.93621203069761
1002174,"BB_138_NaVA2_R2-2 1002174",0,1,0,0,0,0,0,0,0,0,0,0,0,0,0,196,0,0,0,0,0,0,0,0,0,0,0,0,15,212,1.33004472044106
1002061,"BB_142_KrA3_R2 1002061",0,154,3,0,0,0,0,0,0,0,0,0,0,0,0,0,0,0,0,0,0,0,0,0,0,0,0,0,5,162,1.25779910464203
1002213,"BB_146.1_KaA1_R4 1002213",0,0,0,0,0,0,0,0,0,0,0,0,0,0,0,0,0,0,0,0,0,0,0,0,0,142,0,0,19,161,1.43755835381802
1002166,"BB_147_NaVA1_R2-2 1002166",0,43,0,0,0,0,0,0,106,0,0,0,0,0,0,0,0,0,0,0,0,0,0,0,0,0,0,0,22,171,2.47787147061794
1002073,"BB_148_NaOA2_R2 1002073",0,0,1,0,0,0,0,0,0,0,0,0,0,0,0,0,0,0,0,0,0,0,0,0,0,0,0,0,77,78,1.07100045675052
1001990,"BB_15_BoA2_R2 1001990",0,3,0,0,0,0,0,0,0,0,225,0,0,0,0,0,0,0,0,0,0,0,0,0,0,0,0,0,9,237,1.25715002990787
1002015,"BB_151_BrA3_R2 1002015",0,0,0,0,0,0,0,0,22,0,0,0,2,0,112,0,0,0,0,0,0,0,0,0,0,0,0,0,31,167,2.46093285524569
1002053,"BB_152_KrA1_R2 1002053",0,185,0,0,0,0,0,0,0,0,0,0,0,0,0,0,0,0,0,0,0,0,0,0,0,0,0,0,9,194,1.20653267820074
1002135,"BB_155_StMA2_R2-2 1002135",0,0,0,0,0,0,0,0,0,0,0,0,0,0,0,153,0,0,0,0,0,0,0,0,0,0,0,0,11,164,1.27890147777272
1001993,"BB_156_BoA2_R2 1001993",0,0,0,0,0,0,0,0,0,0,0,0,0,0,0,0,0,0,0,0,0,0,0,0,0,0,0,0,3,3,1
1002022,"BB_159_HoA1_R2 1002022",0,1,5,0,0,0,0,0,0,0,0,0,0,0,7,131,0,0,0,0,0,0,0,0,0,0,0,0,39,183,2.2714634761655
1002031,"BB_16_HoA3_R2 1002031",158,0,1,0,0,0,0,0,0,0,0,0,0,0,0,0,0,0,0,0,0,0,0,0,0,0,0,0,9,168,1.27762824983639
1002067,"BB_161_NaOA1_R2 1002067",0,0,0,0,0,0,0,193,0,0,0,0,0,0,0,0,0,0,0,0,0,0,0,0,0,0,0,0,8,201,1.18212206404466
1002214,"BB_163_KaA1_R4 1002214",0,0,0,0,0,0,0,0,0,0,0,5,0,0,0,142,0,0,0,0,0,0,0,0,4,7,0,0,5,163,1.75081119492355
1001994,"BB_164_BoA2_R2 1001994",0,0,164,0,0,0,0,0,0,0,0,0,0,0,0,0,0,0,0,0,0,0,0,0,0,0,0,0,8,172,1.20696980763374
1002002,"BB_165_BoA3_R2 1002002",0,3,0,0,0,0,0,0,0,0,0,0,0,0,158,0,0,0,0,0,0,0,0,0,0,0,0,0,112,273,2.07841309657367
1001986,"BB_166_BoA1_R2 1001986",0,0,194,0,0,0,0,0,0,0,0,0,0,0,0,0,0,0,0,0,0,0,0,0,0,0,0,0,13,207,1.26441369175026
1002020,"BB_17_HoA1_R2 1002020",0,0,222,0,0,0,0,0,0,0,0,0,0,0,0,0,0,0,0,0,0,0,0,0,0,0,0,0,15,237,1.26608414070049
1002180,"BB_171_NaVA3_R2-2 1002180",0,0,0,0,0,0,0,0,0,0,0,0,0,0,0,0,0,0,0,0,0,0,156,0,0,0,0,0,27,183,1.51955853467008
1002023,"BB_173_HoA1_R2 1002023",0,0,1,0,0,0,0,0,0,0,0,199,0,0,0,0,0,0,0,0,0,0,0,0,0,0,0,0,31,231,1.52431699885963
1002081,"BB_176_NaOA3_R2 1002081",0,1,2,0,0,0,0,151,7,0,0,0,0,0,0,0,0,0,0,0,0,0,0,0,0,0,0,0,5,166,1.50560068229567
1001928,"BB_177_NaVA1_R1 1001928",33,0,0,0,0,0,0,0,0,0,0,0,0,0,39,0,0,0,0,0,94,0,0,0,0,0,0,0,25,191,3.46537832317979
1002062,"BB_179_KrA3_R2 1002062",0,0,0,0,0,0,0,130,0,0,0,0,0,0,1,0,0,0,0,0,0,0,0,0,0,0,0,0,5,136,1.22225081676782
1002178,"BB_18_NaVA3_R2-2 1002178",0,0,0,0,0,0,0,164,0,0,0,0,0,0,0,0,0,0,0,0,0,0,0,0,0,0,0,0,7,171,1.18637975804128
1002187,"BB_180_BoA2_R3 1002187",0,0,0,0,0,0,0,0,0,0,1,20,0,0,0,0,0,0,0,0,0,0,0,0,0,0,179,0,21,221,1.88930571847683
1002026,"BB_181_HoA2_R2 1002026",0,0,149,0,0,0,0,0,0,0,0,0,0,0,0,0,0,0,0,0,0,0,0,0,0,0,0,0,6,155,1.17800405468819
1002024,"BB_184_HoA1_R2 1002024",0,0,195,0,0,0,0,0,0,0,0,0,0,0,0,0,0,0,0,0,0,0,0,0,0,0,0,2,9,206,1.26329036126433
1002163,"BB_185_NaVA1_R2-2 1002163",0,23,0,0,0,0,0,0,0,205,0,0,0,0,0,0,0,0,0,0,0,0,0,0,0,0,0,0,8,236,1.5903647523399
1002112,"BB_186_RyNA3_R2 1002112",0,0,0,0,0,0,0,0,0,173,0,0,0,0,0,0,0,0,0,0,0,0,0,0,0,0,0,0,5,178,1.13659665573762
1002207,"BB_187_KaA3_R3 1002207",0,0,0,0,0,0,0,0,0,0,0,0,0,0,0,0,0,0,0,0,0,0,0,0,0,0,152,0,22,174,1.46163636054613
1002058,"BB_188_KrA2_R2 1002058",0,0,0,0,0,0,0,0,0,0,0,0,0,0,0,177,0,0,0,0,0,0,0,0,0,0,0,0,26,203,1.46626482531635
1002054,"BB_189_KrA1_R2 1002054",0,0,0,0,0,0,0,0,0,0,0,0,0,0,0,176,0,0,0,0,0,0,0,0,0,0,0,0,24,200,1.44328965573469
1001999,"BB_19_BoA3_R2 1001999",0,0,0,0,0,0,120,2,0,0,0,0,0,0,18,0,0,0,0,0,0,0,1,0,0,0,0,0,17,158,2.18940336598967
1002027,"BB_190_HoA2_R2 1002027",0,0,177,0,0,0,0,0,0,0,0,0,0,0,0,0,0,0,0,0,0,0,0,0,0,0,0,0,6,183,1.15523066669607
1002074,"BB_191_NaOA2_R2 1002074",0,0,0,0,0,0,0,0,154,0,0,0,1,0,0,0,0,0,0,0,0,0,0,0,0,0,0,0,31,186,1.62098722419775
1002044,"BB_194_KaA3_R2 1002044",0,1,0,0,0,0,0,0,0,0,0,0,0,0,11,0,0,0,0,0,0,0,0,0,0,0,0,0,24,36,2.07949726014834
1002055,"BB_195_KrA1_R2 1002055",0,6,0,0,0,0,0,0,0,0,0,0,0,0,0,168,0,0,0,0,0,0,0,0,0,0,0,0,11,185,1.44275418461228
1002033,"BB_197_HoA3_R2 1002033",0,0,0,0,0,0,0,0,152,0,0,0,0,0,1,0,0,0,0,0,0,0,0,0,0,0,0,0,28,181,1.59053190677021
1002003,"BB_198_BoA3_R2 1002003",0,61,0,0,0,0,0,0,0,0,0,0,0,0,124,0,0,0,0,0,0,0,0,0,0,0,0,0,8,193,2.18198609409396
1001987,"BB_199_BoA1_R2 1001987",167,0,0,0,0,0,0,0,0,0,0,0,1,0,0,0,0,0,0,0,0,0,0,0,0,0,0,0,29,197,1.56659823957067
1002113,"BB_200_RyNA3_R2 1002113",0,3,176,0,0,0,0,0,0,0,0,0,0,0,0,0,0,0,0,0,0,0,0,0,0,0,0,0,14,193,1.40372068176333
1002138,"BB_201_StMA2_R2-2 1002138",0,0,0,0,0,0,0,0,0,0,0,7,0,0,0,129,0,0,0,0,0,0,0,0,0,0,0,0,14,150,1.63898224786345
1002082,"BB_203_NaOA3_R2 1002082",0,0,0,0,0,0,0,0,95,0,0,0,0,0,58,0,0,0,0,0,0,0,0,0,0,0,0,0,16,169,2.4943013312675
1001815,"BB_204_BoA2_R1 1001815",0,0,140,0,0,0,0,0,0,0,0,0,1,0,0,0,0,0,0,0,0,0,0,0,0,0,0,0,7,148,1.25941756859655
1002134,"BB_205_StMA1_R2-2 1002134",0,0,187,0,0,0,0,0,0,0,0,0,0,0,0,0,0,0,0,0,0,0,0,0,0,0,0,0,3,190,1.08455026345066
1001968,"BB_206_RySA3_R1 1001968",0,0,1,0,0,0,0,0,0,0,0,0,3,0,139,0,0,0,0,0,0,0,0,0,0,0,0,0,13,156,1.51928566730125
1002161,"BB_207_NaVA1_R2-2 1002161",0,28,1,0,0,0,0,0,0,0,0,0,0,0,0,0,0,0,0,0,0,0,0,0,0,0,0,0,5,34,1.72548825796028
1002142,"BB_21_StMA3_R2-2 1002142",0,3,0,0,0,0,0,0,5,0,0,0,0,0,0,149,0,0,0,0,0,0,0,0,0,0,0,0,26,183,1.84107948518516
1002162,"BB_210_NaVA1_R2-2 1002162",0,0,1,0,0,0,0,0,0,0,0,0,0,0,0,178,0,0,0,0,0,0,0,0,0,0,0,0,16,195,1.37089907209405
1002172,"BB_211_NaVA2_R2-2 1002172",0,89,0,0,0,0,0,0,0,0,0,0,0,0,0,0,0,0,0,0,0,0,0,0,0,0,0,0,5,94,1.23097589657542
1002183,"BB_212_NaVA3_R2-2 1002183",0,0,0,0,0,0,0,0,0,0,0,0,0,0,0,0,0,0,0,0,0,0,190,0,0,0,0,0,38,228,1.5691925832142
1002043,"BB_213_KaA2_R2 1002043",0,84,0,0,0,0,0,0,0,0,0,0,0,0,1,84,0,0,0,0,0,0,0,0,0,0,0,0,11,180,2.48678271872636
1002145,"BB_215_BrA1_R2-2 1002145",0,0,176,0,0,0,0,0,0,0,0,0,0,0,0,0,0,0,0,0,0,0,0,0,0,0,0,0,3,179,1.08887545463696
1001888,"BB_216_KaA2_R1 1001888",148,0,0,0,0,0,0,0,0,0,0,0,0,0,0,0,0,0,0,0,0,0,0,0,0,0,0,0,11,159,1.28597719295579
1002209,"BB_216_RyNA2_R3 1002209",0,0,1,0,0,0,0,0,0,0,0,0,0,0,0,0,0,0,0,0,0,0,0,0,0,0,155,0,44,200,1.74567479249222
1002167,"BB_218_NaVA1_R2-2 1002167",0,0,1,0,0,0,0,0,171,0,0,0,0,0,0,0,0,0,0,0,0,0,0,0,0,0,0,0,16,188,1.38230316854744
1001983,"BB_22_BoA1_R2 1001983",0,0,0,0,0,0,0,0,0,0,0,0,0,0,0,86,0,0,0,0,0,0,0,0,0,0,0,0,27,113,1.73299781368683
1001918,"BB_221_NaOA2_R1 1001918",0,0,0,0,0,0,0,0,0,0,0,0,1,0,144,0,0,0,0,0,0,0,0,0,0,0,0,0,11,156,1.34078287633033
1002035,"BB_223_KaA1_R2 1002035",0,21,0,0,0,0,0,0,0,0,0,0,0,0,0,145,0,0,0,0,0,0,0,0,0,0,0,0,0,166,1.46183195930728
1001858,"BB_224_HoA3_R1 1001858",0,0,0,0,0,0,0,143,0,0,0,0,1,0,0,0,0,0,0,0,0,0,0,0,0,0,0,0,4,148,1.17887889547875
1001811,"BB_225_BoA2_R1 1001811",0,0,3,0,0,0,0,5,126,0,0,0,8,0,0,0,0,0,0,0,0,0,0,0,0,0,0,0,13,155,2.0469775478706
1002156,"BB_226_BrA3_R2-2 1002156",0,181,0,0,0,0,0,0,0,0,0,0,0,0,19,0,0,0,0,0,0,0,0,0,0,0,0,0,17,217,1.7577928611986
1002149,"BB_227_BrA1_R2-2 1002149",0,0,0,0,0,0,0,0,0,0,0,0,0,0,0,0,0,0,0,0,0,0,0,0,0,0,0,0,12,12,1
1001975,"BB_228_StMA2_R1 1001975",153,0,1,0,0,0,0,0,0,0,0,0,0,0,0,0,0,0,0,0,0,0,0,0,0,0,0,0,4,158,1.16912093092428
1001910,"BB_230_KrA3_R1 1001910",152,0,0,0,0,0,0,1,0,0,0,0,2,0,0,0,0,0,0,0,0,0,0,0,0,0,0,0,23,178,1.61412332177329
1001934,"BB_232_NaVA2_R1 1001934",0,0,0,0,0,0,0,0,0,0,0,0,0,0,152,0,0,0,0,0,0,0,0,0,0,0,0,0,9,161,1.24052622806655
1002151,"BB_233_BrA2_R2-2 1002151",144,0,1,0,0,0,0,2,0,0,0,0,0,0,0,0,0,0,0,0,0,0,0,0,0,0,0,0,3,150,1.23170614540655
1001868,"BB_235_JoA3_R1 1001868",0,0,167,0,0,1,0,0,0,0,0,0,0,0,0,0,0,0,0,0,0,0,0,0,0,0,0,0,9,177,1.26564874087064
1001829,"BB_236_BrA2_R1 1001829",113,0,6,0,0,0,0,0,0,0,0,0,0,0,0,0,0,0,0,0,50,0,0,0,0,0,0,0,5,174,2.35559309236918
1002199,"BB_238_HoA3_R3 1002199",0,0,0,0,0,0,0,0,155,0,0,0,0,0,0,3,0,0,0,0,0,0,0,0,0,0,0,0,8,166,1.32670317816239
1002182,"BB_24_NaVA3_R2-2 1002182",0,0,0,0,0,0,0,0,149,0,0,0,0,0,1,0,0,0,0,0,0,0,0,0,0,0,0,0,24,174,1.54606739658778
1002147,"BB_240_BrA1_R2-2 1002147",0,0,41,0,0,0,0,0,0,0,0,0,0,0,0,0,0,0,0,0,0,0,0,0,0,0,0,0,14,55,1.76345325023875
1002075,"BB_242_NaOA2_R2 1002075",0,0,0,0,0,0,0,0,160,0,0,0,0,0,0,0,0,0,0,0,0,0,0,0,0,0,0,0,9,169,1.23119897198393
1002200,"BB_243_KaA1_R3 1002200",0,0,186,0,0,0,0,0,0,0,0,0,0,0,0,0,0,0,0,0,0,0,0,0,0,0,0,0,21,207,1.38854402993776
1002201,"BB_244_KaA1_R3 1002201",0,0,0,0,0,0,0,0,0,0,0,0,0,0,0,1,0,0,0,0,0,0,0,0,0,0,149,0,29,179,1.6105088273435
1001886,"BB_245_KaA3_R1 1001886",0,0,0,0,0,0,0,1,0,0,0,0,2,0,0,0,0,145,0,0,0,0,0,0,0,0,0,0,52,200,1.92693482075922
1002004,"BB_247_BoA3_R2 1002004",138,23,0,0,0,0,0,0,4,0,0,0,0,0,0,0,0,0,0,0,0,0,0,0,0,0,0,0,19,184,2.21084888677841
1001984,"BB_25_BoA1_R2 1001984",0,0,0,0,0,0,0,0,0,0,0,0,0,0,0,125,0,0,0,0,0,4,0,0,0,0,0,0,21,150,1.6884982460823
1002016,"BB_250_BrA3_R2 1002016",0,54,0,0,0,0,0,0,0,0,0,0,0,0,111,0,0,0,0,0,0,0,0,0,0,0,0,0,48,213,2.78251415583752
1002115,"BB_251_StMA2_R2 1002115",0,0,0,0,0,0,0,0,3,0,0,0,0,0,147,0,0,0,0,0,0,0,0,0,0,0,0,0,6,156,1.29342276095887
1002093,"BB_252_NaVA2_R2 1002093",0,218,0,0,0,0,0,0,0,0,0,0,0,0,0,0,0,0,0,0,0,0,0,0,0,0,0,0,18,236,1.30939668565772
1002068,"BB_253_NaOA1_R2 1002068",0,4,1,0,0,0,0,0,138,0,0,0,0,0,0,0,0,0,0,0,0,0,0,0,0,0,0,0,13,156,1.55556652557368
1001859,"BB_255_HoA3_R1 1001859",0,0,0,0,0,0,0,0,137,0,0,0,1,0,0,0,0,0,0,0,0,0,0,0,0,0,0,0,7,145,1.26397251386975
1001887,"BB_256_KaA3_R1 1001887",0,0,0,0,0,0,0,0,0,0,0,0,0,0,144,0,0,0,0,0,0,0,0,0,0,0,0,0,60,204,1.83271321387074
1001976,"BB_257_StMA3_R1 1001976",150,0,0,0,0,0,0,0,0,0,0,0,0,0,0,0,0,0,0,0,0,0,0,0,0,0,0,0,10,160,1.26338125030273
1002188,"BB_258_BoA2_R3 1002188",0,0,0,0,0,0,0,0,0,0,0,22,0,0,0,0,0,0,0,0,0,0,0,0,0,0,234,0,35,291,1.8687391728634
1002036,"BB_260_KaA1_R2 1002036",0,225,0,0,0,0,0,0,0,0,0,0,0,0,0,0,0,0,0,0,0,0,0,0,0,0,0,0,7,232,1.14492712159752
1001894,"BB_263_KaA3_R1 1001894",158,0,0,0,0,0,0,0,0,0,0,0,0,0,3,0,0,0,0,0,0,0,0,0,0,0,0,0,17,178,1.49020797554074
1001911,"BB_264_KrA3_R1 1001911",0,0,9,0,0,0,0,0,0,0,0,0,1,0,145,0,0,0,0,0,0,0,0,0,0,0,0,0,21,176,1.81250357479002
1002195,"BB_266_HoA1_R3 1002195",0,0,104,0,0,0,0,0,0,0,0,0,0,0,0,0,0,0,0,0,0,0,0,0,0,0,0,0,7,111,1.2653057136965
1001837,"BB_267_BrA3_R1 1001837",0,0,151,0,0,0,0,0,0,0,0,0,0,0,0,0,0,0,0,0,0,0,0,0,0,0,0,0,3,154,1.1007705616014
1002017,"BB_268_BrA3_R2 1002017",0,186,0,0,0,0,0,0,27,0,0,0,0,0,0,0,0,0,0,0,0,0,0,0,0,0,0,0,30,243,2.02790287328544
1001812,"BB_269_BoA2_R1 1001812",0,0,187,0,0,0,0,0,0,0,0,0,1,0,0,0,0,0,0,0,0,0,0,0,0,0,0,2,9,199,1.31167070821562
1002141,"BB_270_StMA2_R2-2 1002141",0,1,0,0,0,0,0,0,0,0,0,138,0,0,0,0,0,0,0,0,0,0,0,0,0,0,0,0,11,150,1.35217749246491
1002196,"BB_271_HoA1_R3 1002196",0,0,162,0,0,0,0,0,0,0,0,0,0,0,0,0,0,0,0,0,0,0,0,0,0,0,0,0,6,168,1.16657966439525
1001895,"BB_273_KaA3_R1 1001895",156,0,3,0,0,0,0,0,0,0,0,0,0,0,0,0,0,0,0,0,0,0,0,0,0,0,0,0,11,170,1.3871728005658
1001947,"BB_275_RyNA1_R1 1001947",0,0,0,0,0,0,0,0,0,0,0,0,0,0,190,0,0,0,0,0,0,0,0,0,0,0,0,0,29,219,1.47840150980804
1002169,"BB_276_NaVA2_R2-2 1002169",0,159,0,0,0,0,0,0,0,0,0,0,0,0,0,0,0,0,0,0,0,0,0,0,0,0,0,0,10,169,1.25192458339524
1001929,"BB_278_NaVA1_R1 1001929",0,0,13,0,0,0,0,0,0,0,0,0,0,0,136,0,0,0,0,0,0,0,0,0,0,0,0,0,31,180,2.02287124285269
1001864,"BB_279_JoA1_R1 1001864",0,0,5,0,0,0,0,0,0,0,0,0,1,0,175,0,0,0,0,0,0,0,0,0,0,0,0,0,6,187,1.34612494122359
1002192,"BB_28_BoA3_R3 1002192",0,0,0,2,0,0,0,0,0,0,0,0,0,0,0,100,0,0,0,0,0,0,0,0,0,0,0,0,20,122,1.69354618385744
1002037,"BB_280_KaA1_R2 1002037",140,43,0,0,0,0,0,0,0,0,0,0,0,0,0,0,0,0,0,0,0,0,0,0,0,0,0,0,17,200,2.20270579529955
1002066,"BB_281_KrA3_R2 1002066",0,51,0,0,0,0,0,110,0,0,0,0,0,0,0,0,0,0,0,0,0,0,0,0,0,0,0,0,7,168,2.16322245666506
1002076,"BB_282_NaOA2_R2 1002076",0,0,0,0,0,0,0,161,0,0,0,0,0,0,0,0,0,0,0,0,0,0,0,0,0,0,0,0,8,169,1.20997427490165
1001824,"BB_284_BrA1_R1 1001824",0,0,5,0,0,0,0,0,0,0,0,0,0,0,129,0,0,0,0,0,0,0,0,0,0,0,0,0,5,139,1.36138344308455
1002170,"BB_285_NaVA2_R2-2 1002170",0,0,0,0,0,0,0,11,26,0,0,0,0,0,120,0,0,0,0,0,0,0,0,0,0,0,0,0,15,172,2.52277644116704
1001921,"BB_286_NaOA3_R1 1001921",0,0,0,0,0,0,0,0,0,0,0,0,0,0,2,0,0,0,0,0,163,0,0,0,0,0,0,0,3,168,1.16642516645806
1001869,"BB_288_JoA3_R1 1001869",82,0,0,0,0,0,0,10,0,0,0,0,2,0,58,0,0,1,0,0,0,0,0,0,0,0,0,0,35,188,3.56057014266877
1001845,"BB_289_BrA3_R1 1001845",0,0,0,0,0,0,0,144,0,0,0,0,0,0,0,0,0,0,0,0,0,0,0,0,0,0,0,0,10,154,1.27167628503062
1002185,"BB_29_BoA1_R3 1002185",0,0,0,0,0,0,0,0,0,0,147,0,0,0,0,0,0,0,0,0,0,0,0,0,0,0,0,0,21,168,1.45756926498109
1002211,"BB_290_RyNA2_R3 1002211",0,0,0,0,0,0,0,0,0,0,0,0,0,0,0,72,0,0,0,0,0,0,0,0,0,0,0,0,114,186,1.94922470757554
1001896,"BB_291_KaA3_R1 1001896",0,0,0,0,0,0,0,156,0,0,0,0,1,0,0,0,0,0,0,0,0,0,0,0,0,0,0,0,12,169,1.33917010040641
1001943,"BB_292_NaVA3_R1 1001943",0,0,1,0,0,0,0,23,0,0,0,0,0,0,0,0,0,0,0,0,124,0,0,0,0,0,0,0,26,174,2.27642953930002
1001831,"BB_294_BrA2_R1 1001831",127,0,1,0,0,0,0,0,0,0,0,0,0,0,17,0,0,0,0,0,0,0,4,0,0,0,0,0,19,168,2.2463034952209
1002085,"BB_295_NaVA1_R2 1002085",0,0,0,0,0,0,0,0,153,0,0,0,0,0,0,0,0,0,0,0,0,0,0,0,0,0,0,0,52,205,1.76176981398062
1002124,"BB_296_StMA3_R2 1002124",86,57,1,0,0,0,0,0,0,0,0,0,0,0,2,0,0,0,0,0,0,0,0,0,0,0,0,0,28,174,2.97085411527901
1002045,"BB_297_KaA3_R2 1002045",0,166,0,0,0,0,0,0,0,0,0,0,0,0,0,0,0,0,0,0,0,0,0,0,0,0,0,0,12,178,1.28005411649163
1002084,"BB_298_NaOA3_R2 1002084",0,0,185,0,0,0,0,0,0,0,0,0,0,0,0,0,0,0,0,0,0,0,0,0,0,0,0,0,16,201,1.32021713006586
1002069,"BB_299_NaOA1_R2 1002069",0,0,0,0,0,0,0,0,149,0,0,0,0,0,0,0,0,0,0,0,0,0,0,0,0,0,0,0,17,166,1.3914487359304
1002191,"BB_3_BoA3_R3 1002191",0,0,0,0,0,0,0,0,0,0,151,0,0,0,0,0,0,0,0,0,0,0,0,0,0,0,0,0,30,181,1.56686399272266
1002154,"BB_300_BrA2_R2-2 1002154",0,32,0,0,0,0,0,0,0,0,0,0,1,0,39,100,0,0,0,0,0,0,0,0,0,0,0,0,40,212,3.63727273693979
1002157,"BB_301_BrA3_R2-2 1002157",0,0,0,0,0,0,0,134,0,0,0,0,0,0,0,0,0,0,0,0,0,0,0,0,0,0,0,0,8,142,1.24205871644735
1002046,"BB_302_KaA3_R2 1002046",0,144,0,0,0,0,0,0,0,0,0,0,0,0,0,0,0,0,0,0,0,0,0,0,0,0,0,0,5,149,1.15823498430243
1002063,"BB_303_KrA3_R2 1002063",0,0,0,0,0,0,0,0,145,0,0,0,0,0,0,0,0,0,0,0,0,0,0,0,0,0,0,0,22,167,1.47650010203786
1002077,"BB_305_NaOA2_R2 1002077",0,0,169,0,0,0,0,0,0,0,0,0,0,0,0,0,0,0,0,0,0,0,0,0,0,0,0,0,9,178,1.22160566465331
1002116,"BB_306_StMA2_R2 1002116",0,0,0,0,0,0,0,0,0,0,0,0,0,0,0,3,0,0,0,0,0,0,0,0,0,0,0,0,2,5,1.96013170420779
1001912,"BB_308_KrA3_R1 1001912",0,0,0,0,0,0,0,208,0,0,0,0,0,0,0,0,0,0,0,0,0,0,0,0,0,0,0,0,6,214,1.13638513358438
1001865,"BB_309_JoA1_R1 1001865",0,0,3,0,0,0,0,0,0,0,0,0,0,0,142,0,0,1,0,0,0,0,0,0,0,0,0,0,12,158,1.49038885984113
1001813,"BB_310_BoA2_R1 1001813",0,0,2,0,0,0,0,0,142,0,0,0,0,0,0,0,0,0,0,0,0,0,0,0,0,0,0,0,90,234,2.03667488948016
1001922,"BB_312_NaOA3_R1 1001922",0,0,0,0,0,0,0,1,42,0,0,0,1,0,108,0,0,0,0,0,2,0,0,0,0,0,0,0,94,248,3.04590633138623
1001897,"BB_313_KaA3_R1 1001897",161,1,0,0,0,0,0,0,0,0,0,0,0,0,0,0,0,0,0,0,0,0,0,0,0,0,0,0,12,174,1.33099025195628
1002171,"BB_314_NaVA2_R2-2 1002171",0,0,0,0,0,0,0,0,8,0,0,0,0,0,0,0,0,0,0,0,0,0,0,0,0,0,0,0,3,11,1.79670174162689
1002056,"BB_315_KrA1_R2 1002056",0,0,1,0,0,0,0,0,0,0,0,0,0,0,10,140,0,0,0,0,0,0,1,0,0,0,0,0,15,167,1.8115488127278
1002034,"BB_316_HoA3_R2 1002034",0,0,1,0,0,0,0,0,0,0,0,0,0,0,0,0,0,0,133,0,0,0,0,0,0,0,0,0,5,139,1.21814055618327
1001995,"BB_317_BoA2_R2 1001995",0,0,5,0,0,0,0,0,62,0,0,0,0,0,0,0,0,0,0,0,0,0,0,0,0,0,0,0,2,69,1.47543041488967
1002125,"BB_318_StMA3_R2 1002125",0,112,0,0,0,0,0,0,0,0,0,0,0,0,70,0,0,0,0,0,0,0,0,0,0,0,0,0,10,192,2.3075372567039
1001814,"BB_319_BoA2_R1 1001814",0,0,4,0,0,0,0,0,0,0,0,0,10,0,107,0,0,3,0,0,12,0,0,0,0,0,0,0,15,151,2.79698911709835
1002100,"BB_32_NaVA3_R2 1002100",0,0,0,0,0,0,0,240,0,0,0,0,0,0,0,0,0,0,0,0,0,0,0,0,0,0,0,0,17,257,1.27578120135372
1001958,"BB_320_RySA1_R1 1001958",0,0,1,0,0,0,0,5,0,0,0,0,0,0,162,0,0,0,0,0,0,0,0,0,0,0,0,0,5,173,1.34467580978341
1001825,"BB_321_BrA1_R1 1001825",0,0,0,0,0,0,0,0,0,0,0,0,0,0,0,0,0,0,0,0,168,0,0,0,0,0,0,0,3,171,1.09233737623192
1001835,"BB_323_BrA1_R1 1001835",0,0,0,0,0,0,0,0,0,0,0,0,1,0,0,0,0,0,0,0,9,0,0,0,0,0,0,0,12,22,2.3089069399613
1002173,"BB_324_NaVA2_R2-2 1002173",0,4,12,0,0,0,0,0,0,0,63,0,0,0,0,0,0,0,0,0,0,0,0,0,0,0,0,0,11,90,2.49329543566653
1001839,"BB_326_BrA3_R1 1001839",0,0,0,0,0,0,0,1,0,0,0,0,0,0,14,0,0,0,0,0,195,0,0,0,0,0,0,0,1,211,1.35473186988078
1001923,"BB_327_NaOA3_R1 1001923",0,0,0,0,0,0,0,0,0,0,0,0,3,0,164,0,0,0,0,0,0,0,0,0,0,0,0,0,13,180,1.4089649207131
1001822,"BB_329_BoA3_R1 1001822",0,0,143,0,0,0,0,0,0,0,0,0,0,0,0,0,0,0,0,0,0,0,0,0,0,0,0,0,15,158,1.3686340039636
1002204,"BB_33_KaA3_R3 1002204",0,0,0,0,0,0,0,0,0,2,0,162,0,0,0,0,0,0,0,0,0,0,0,0,0,3,0,1,11,179,1.50599703470856
1001874,"BB_330_KaA1_R1 1001874",38,0,3,0,0,0,0,0,0,0,0,0,0,0,95,0,0,0,0,0,0,0,0,0,0,0,0,0,7,143,2.34575745850006
1001876,"BB_331_KaA1_R1 1001876",0,0,0,0,0,0,0,0,0,0,0,0,0,0,0,0,0,0,0,0,158,0,0,0,0,0,0,0,2,160,1.06950602218148
1001996,"BB_332_BoA2_R2 1001996",0,4,0,0,0,0,0,0,0,0,0,0,0,0,154,0,0,0,0,0,0,0,0,0,0,0,0,0,0,158,1.12531630736621
1001866,"BB_333_JoA1_R1 1001866",0,0,0,0,0,0,0,0,0,0,0,0,2,0,165,0,0,0,0,0,0,0,0,0,0,0,0,0,14,181,1.39392120623482
1001969,"BB_334_RySA3_R1 1001969",0,0,0,0,0,0,0,2,0,0,0,0,0,0,0,0,0,0,0,0,179,0,0,0,0,0,0,0,24,205,1.51393053048733
1001899,"BB_335_KaA3_R1 1001899",0,0,0,0,0,0,0,0,0,0,0,0,0,0,160,0,0,0,0,0,0,0,0,0,0,0,0,0,23,183,1.45950480755383
1001962,"BB_337_RySA1_R1 1001962",0,0,0,0,0,0,0,22,0,0,0,0,1,0,0,0,0,0,0,0,184,0,0,0,0,0,0,0,6,213,1.62683504501728
1002040,"BB_338_KaA2_R2 1002040",0,28,0,0,0,0,0,0,0,0,0,0,0,0,0,0,0,0,0,0,0,0,0,0,0,0,0,0,2,30,1.27753191707406
1002086,"BB_339_NaVA1_R2 1002086",0,181,0,0,0,0,0,0,0,0,0,0,1,0,0,0,0,0,0,0,0,0,0,0,0,0,0,0,18,200,1.39590659774425
1002049,"BB_34_KrA1_R2 1002049",0,0,0,0,0,0,0,160,0,0,0,0,0,0,0,0,0,0,0,0,0,0,0,0,0,0,0,0,7,167,1.19003978302899
1002064,"BB_340_KrA3_R2 1002064",0,0,0,0,0,0,0,0,0,0,0,0,0,0,0,146,0,0,0,0,0,0,0,0,0,0,0,0,27,173,1.5420213572683
1002152,"BB_341_BrA2_R2-2 1002152",0,0,142,0,0,0,0,0,0,0,14,0,0,0,0,0,0,0,0,0,0,0,0,0,0,0,0,0,10,166,1.66759889111855
1001914,"BB_342_NaOA1_R1 1001914",77,0,0,0,0,0,0,0,68,0,0,0,0,0,0,0,0,0,0,0,0,0,0,0,0,0,0,0,10,155,2.42502525889196
1001820,"BB_343_BoA2_R1 1001820",0,3,4,0,0,0,0,35,0,0,0,0,0,0,110,0,0,0,0,0,2,0,0,0,0,0,0,0,12,166,2.73559226829387
1001871,"BB_344_JoA3_R1 1001871",0,0,0,0,0,0,0,0,0,0,0,0,1,0,145,0,0,0,0,0,0,0,0,0,0,0,0,0,19,165,1.48200451789967
1002210,"BB_347_KaA3_R3 1002210",0,0,0,0,0,0,0,0,0,0,0,0,0,0,0,3,0,0,0,0,0,0,0,0,0,0,165,0,38,206,1.7352514203997
1002007,"BB_348_BrA1_R2 1002007",0,0,100,0,0,0,0,0,0,0,0,0,0,0,0,0,0,0,0,0,0,0,0,0,0,0,0,0,4,104,1.1770645027989
1001913,"BB_349_KrA3_R1 1001913",0,0,0,0,0,0,0,155,0,0,0,0,5,0,0,0,0,0,0,0,0,0,0,0,0,0,0,0,28,188,1.71464992839341
1002155,"BB_350_BrA3_R2-2 1002155",0,0,0,0,0,0,0,0,0,0,0,0,0,0,184,0,0,0,0,0,0,0,0,0,0,0,0,0,25,209,1.44218834520298
1002189,"BB_351_BoA2_R3 1002189",0,0,0,0,0,0,0,0,0,0,183,20,0,0,0,0,0,0,0,0,0,0,0,0,0,0,0,0,52,255,2.14253116711711
1001817,"BB_352_BoA2_R1 1001817",0,0,0,0,0,0,0,0,0,0,0,0,4,0,128,0,0,0,0,0,1,0,0,0,0,0,0,0,6,139,1.41790692672135
1002057,"BB_353_KrA2_R2 1002057",0,0,113,0,0,0,0,4,0,0,0,0,0,0,13,0,0,0,0,0,0,0,0,0,0,0,0,0,5,135,1.82320649685489
1002029,"BB_354_HoA2_R2 1002029",0,0,174,0,0,0,0,0,0,0,0,0,0,0,0,0,0,0,0,0,0,0,0,0,0,0,0,0,3,177,1.08971424501542
1002070,"BB_355_NaOA1_R2 1002070",0,0,0,0,0,0,0,0,139,0,0,0,0,0,0,0,0,0,0,0,0,0,0,0,0,0,0,0,21,160,1.4751445955602
1002065,"BB_358_KrA3_R2 1002065",0,1,0,0,0,0,0,0,144,0,0,0,0,0,0,0,0,0,0,0,0,0,0,0,0,0,0,0,19,164,1.48438996935074
1002190,"BB_359_BoA2_R3 1002190",0,0,0,0,0,0,0,0,0,0,0,0,0,0,0,0,0,0,0,0,0,0,0,0,0,0,225,0,29,254,1.42639815924401
1002205,"BB_36_KaA3_R3 1002205",0,0,0,0,0,0,0,0,0,0,0,0,0,0,0,0,0,0,0,0,0,0,0,0,0,0,256,0,40,296,1.48591848522135
1002071,"BB_360_NaOA1_R2 1002071",0,0,0,0,0,0,0,202,2,0,0,0,0,0,0,0,0,0,0,0,0,0,0,0,0,0,0,0,5,209,1.18142240216279
1001988,"BB_361_BoA1_R2 1001988",0,0,124,0,0,0,0,0,0,0,0,0,0,0,2,0,0,0,36,0,0,0,0,0,0,0,0,0,17,179,2.34120986727793
1002136,"BB_362_StMA2_R2-2 1002136",0,0,0,0,0,0,0,0,0,0,0,12,0,0,0,154,0,0,0,0,0,0,0,0,0,0,0,0,9,175,1.56654720315753
1001989,"BB_363_BoA1_R2 1001989",0,0,2,0,0,0,0,0,0,0,0,0,0,0,0,140,0,0,0,0,0,0,0,0,0,0,0,0,28,170,1.66399643982083
1001818,"BB_364_BoA2_R1 1001818",0,0,145,0,0,0,0,0,0,0,0,0,0,0,0,0,0,0,0,0,0,0,0,0,0,0,0,0,7,152,1.20529479569406
1002111,"BB_365_RyNA2_R2 1002111",0,147,0,0,0,0,0,0,0,0,0,0,1,0,0,0,0,0,0,0,0,0,0,0,0,0,0,0,62,210,1.88762122518071
1002202,"BB_366_KaA1_R3 1002202",0,0,1,0,0,0,0,0,0,0,0,0,0,0,0,42,0,0,0,0,0,0,0,0,0,0,7,0,75,125,2.39406536177114
1002197,"BB_367_HoA1_R3 1002197",0,0,0,112,0,0,0,0,0,0,14,0,0,0,0,0,0,0,0,0,0,0,0,0,0,0,0,0,4,130,1.60882613929136
1002198,"BB_368_HoA1_R3 1002198",0,0,0,0,0,0,0,0,0,0,0,0,0,0,0,0,0,0,0,0,0,0,0,0,0,0,150,0,10,160,1.26338125030273
1002096,"BB_369_NaVA2_R2 1002096",0,0,0,0,0,0,0,213,0,0,0,0,0,0,4,0,0,0,0,0,0,0,0,0,0,0,0,0,12,229,1.3398929720869
1002175,"BB_37_NaVA2_R2-2 1002175",0,0,0,0,0,0,0,0,0,9,67,0,0,0,0,0,0,0,7,0,0,0,0,0,0,0,0,0,10,93,2.45155263027778
1001915,"BB_370_NaOA1_R1 1001915",0,1,12,0,0,0,0,0,0,0,0,0,0,0,120,0,0,0,0,0,0,0,0,0,0,0,0,0,29,162,2.12644478681987
1002203,"BB_371_KaA1_R3 1002203",0,0,125,0,0,0,0,0,0,0,0,0,0,0,0,0,0,0,0,0,0,0,0,0,0,0,0,0,8,133,1.2553081582899
1001974,"BB_372_StMA1_R1 1001974",0,0,3,0,0,0,0,0,0,0,0,0,0,0,0,0,0,0,0,0,210,0,0,0,0,0,0,0,18,231,1.40764683521565
1002018,"BB_373_BrA3_R2 1002018",0,47,0,0,0,0,0,0,0,0,0,0,2,0,88,0,0,0,0,0,0,0,0,0,0,0,0,0,45,182,2.99231366274182
1001841,"BB_375_BrA3_R1 1001841",0,0,0,0,0,0,0,141,0,0,0,0,1,0,0,0,0,0,0,0,0,0,0,0,0,0,0,0,21,163,1.52299989673654
1001877,"BB_376_KaA1_R1 1001877",0,0,1,0,0,0,0,0,0,0,0,0,2,0,131,0,0,0,0,0,0,0,0,0,0,0,0,0,12,146,1.48520330148786
1002005,"BB_377_BoA3_R2 1002005",0,3,0,0,0,0,0,0,0,0,0,0,0,0,169,0,0,0,0,0,0,0,0,0,0,0,0,0,55,227,1.8595145491089
1001860,"BB_378_HoA3_R1 1001860",0,0,0,0,0,0,0,0,136,0,0,0,4,0,0,0,0,2,0,0,0,0,0,0,0,0,0,0,8,150,1.49090229447167
1001924,"BB_379_NaOA3_R1 1001924",0,0,0,0,0,0,0,0,0,0,0,0,0,0,0,0,0,0,0,0,161,0,0,0,0,0,0,0,3,164,1.09561737312007
1002177,"BB_380_NaVA2_R2-2 1002177",0,0,0,0,0,0,0,0,0,0,0,0,3,0,0,0,0,0,142,0,0,0,0,0,0,0,0,0,17,162,1.53103288388815
1002025,"BB_381_HoA1_R2 1002025",0,0,18,0,0,0,0,0,0,0,0,160,1,0,0,0,0,0,0,0,0,0,0,0,0,0,0,0,33,212,2.08880013873908
1001847,"BB_383_ChA1_R1 1001847",0,0,0,0,0,0,0,147,0,0,0,0,0,0,0,0,0,0,0,0,0,0,0,0,0,0,0,0,31,178,1.58790778960165
1001872,"BB_384_JoA3_R1 1001872",0,0,1,0,0,0,0,160,0,0,0,0,3,0,2,0,0,0,0,0,0,0,0,0,0,0,0,0,15,181,1.58702843524861
1001904,"BB_385_KaA3_R1 1001904",0,0,0,0,0,0,0,0,0,0,0,0,0,0,163,0,0,0,0,0,0,0,0,0,0,0,0,0,25,188,1.47995275220237
1002114,"BB_386_StMA1_R2 1002114",0,0,0,0,0,0,0,0,0,0,0,0,0,0,0,0,0,0,0,0,0,0,0,0,0,0,0,0,25,25,1
1001878,"BB_387_KaA1_R1 1001878",0,0,207,0,0,0,0,0,0,0,0,0,0,0,0,0,0,0,0,0,0,0,0,0,0,0,0,0,4,211,1.09850819558644
1001861,"BB_388_HoA3_R1 1001861",0,0,0,0,0,0,0,162,0,0,0,0,0,0,0,0,0,0,0,0,0,0,0,0,0,0,0,0,6,168,1.16657966439525
1001977,"BB_390_StMA3_R1 1001977",0,0,0,0,0,0,0,100,0,0,0,0,0,0,64,0,0,0,0,0,0,0,0,0,0,0,0,0,46,210,2.85207110725479
1001960,"BB_391_RySA1_R1 1001960",0,0,0,0,0,0,0,173,0,0,0,0,0,0,0,0,0,0,0,0,0,0,0,0,0,0,0,0,11,184,1.25403824883991
1001853,"BB_392_HoA1_R1 1001853",0,0,2,0,0,0,0,136,0,0,0,0,3,0,0,0,0,0,0,0,0,0,0,0,0,0,0,0,15,156,1.61063025775912
1002006,"BB_393_BoA3_R2 1002006",0,160,0,0,0,0,0,0,0,0,0,0,0,0,10,0,0,0,0,0,0,0,0,0,0,0,0,0,53,223,2.05222493600614
1001925,"BB_394_NaOA3_R1 1001925",0,0,13,0,0,0,0,9,41,0,0,0,1,0,12,0,0,0,0,0,0,0,0,0,0,0,0,0,4,80,3.94629908587734
1001916,"BB_396_NaOA1_R1 1001916",0,0,281,0,0,0,0,0,0,0,0,0,0,0,0,0,0,0,0,0,0,0,0,0,0,0,0,0,11,292,1.17406399892984
1002047,"BB_397_KaA3_R2 1002047",0,0,2,0,0,0,0,0,0,0,0,0,0,0,0,0,0,0,0,0,0,0,0,0,0,0,0,0,7,9,1.69843323402318
1001917,"BB_398_NaOA1_R1 1001917",0,0,0,0,0,0,0,191,0,0,0,0,1,0,0,0,0,0,0,0,0,0,0,0,0,0,0,0,28,220,1.50621592585554
1002184,"BB_399_NaVA3_R2-2 1002184",0,0,0,0,0,0,0,0,0,0,0,0,0,0,92,0,0,0,0,0,0,0,58,0,0,0,0,0,7,157,2.26990664494027
1002048,"BB_4_KrA1_R2 1002048",0,0,0,0,0,0,0,0,0,0,0,0,0,0,154,0,0,0,0,0,0,0,0,0,0,0,0,0,15,169,1.34939106298594
1002159,"BB_400_BrA3_R2-2 1002159",0,160,0,0,0,0,0,0,0,0,0,0,0,0,0,87,0,0,0,0,0,0,0,0,0,0,0,0,24,271,2.43646971651614
1001862,"BB_401_HoA3_R1 1001862",0,0,3,0,0,0,0,188,0,0,0,0,0,0,0,0,0,0,0,0,0,0,0,0,0,0,0,0,8,199,1.27910011241735
1001930,"BB_402_NaVA1_R1 1001930",0,0,1,0,0,0,0,0,144,0,0,0,0,0,0,0,0,0,0,0,0,0,0,0,0,0,0,0,129,274,2.04059524935279
1001931,"BB_403_NaVA1_R1 1001931",41,0,1,0,0,0,0,0,0,0,0,0,0,0,0,0,0,0,0,0,121,0,0,0,0,0,0,0,19,182,2.39081921556162
1001875,"BB_406_JoA3_R1 1001875",0,0,0,0,0,0,0,142,0,0,0,0,0,0,0,0,0,0,0,0,1,0,0,0,0,0,0,0,3,146,1.15140325789987
1002019,"BB_408_BrA3_R2 1002019",0,91,0,0,0,0,0,0,0,0,0,0,0,0,84,0,0,0,0,0,0,0,0,0,0,0,0,0,49,224,2.90437257977812
1002072,"BB_409_NaOA1_R2 1002072",0,0,1,0,0,0,0,0,140,0,0,0,0,0,0,0,0,0,0,0,0,0,0,0,0,0,0,0,17,158,1.46094738854869
1002087,"BB_410_NaVA1_R2 1002087",0,21,0,0,0,0,0,0,0,0,0,0,0,0,132,0,0,0,0,0,0,0,0,0,0,0,0,0,23,176,2.08624038302397
1001997,"BB_411_BoA2_R2 1001997",0,0,28,0,0,0,0,0,0,0,0,0,0,0,0,0,0,0,0,0,0,0,0,0,0,0,0,130,9,167,1.91897054173952
1002041,"BB_412_KaA2_R2 1002041",0,10,0,0,0,0,0,0,0,0,0,0,0,0,0,0,0,0,0,0,0,0,0,0,0,0,0,0,11,21,1.99773285450294
1002117,"BB_413_StMA2_R2 1002117",0,0,0,0,0,0,0,240,0,0,0,0,0,0,0,0,0,0,0,0,0,0,0,0,0,0,0,0,14,254,1.23777814173633
1001863,"BB_414_HoA3_R1 1001863",0,0,0,0,0,0,0,161,0,0,0,0,1,0,0,0,0,0,0,0,0,0,0,0,0,0,0,0,6,168,1.20960442742803
1001998,"BB_416_BoA2_R2 1001998",0,16,0,0,0,0,0,0,0,0,0,0,0,0,0,0,0,0,0,0,0,0,0,0,0,0,0,0,19,35,1.99265754940364
1002078,"BB_418_NaOA2_R2 1002078",0,0,6,0,0,0,0,183,0,0,0,0,0,0,0,0,0,0,0,0,0,0,0,0,0,0,0,0,14,203,1.465222827743
1001819,"BB_419_BoA2_R1 1001819",0,0,144,0,0,0,0,0,0,0,0,0,0,0,0,0,0,0,0,0,0,0,0,0,0,0,0,0,6,150,1.18287054280281
1001970,"BB_426_RySA3_R1 1001970",0,0,239,0,0,0,0,0,0,0,0,0,1,0,0,0,0,0,0,0,0,0,0,0,0,0,0,0,6,246,1.15142564079575
1002050,"BB_43_KrA1_R2 1002050",0,9,0,0,0,0,0,0,0,0,0,0,0,0,134,0,0,0,0,0,0,0,0,0,0,0,0,0,60,203,2.16535466508514
1002126,"BB_433_StMA3_R2 1002126",0,115,0,0,0,0,0,0,2,0,0,0,0,0,0,0,0,0,0,0,0,0,0,0,0,0,0,0,51,168,1.96227259067039
1001932,"BB_436_NaVA1_R1 1001932",0,0,1,0,0,0,0,5,0,0,0,0,0,0,157,0,0,0,0,0,0,0,0,0,0,0,0,0,11,174,1.4902907341096
1002008,"BB_467_BrA1_R2 1002008",17,141,0,0,0,0,0,0,0,0,0,0,0,0,0,0,0,0,0,0,0,0,0,0,0,0,0,0,65,223,2.32891087441504
1001881,"BB_470_KaA2_R1 1001881",127,0,0,0,0,0,0,0,13,0,0,0,0,0,6,0,0,0,0,0,0,0,0,0,0,0,0,0,9,155,1.93915631676486
1001879,"BB_472_KaA1_R1 1001879",0,0,5,0,0,0,0,18,39,0,0,0,0,0,92,0,0,0,0,0,0,0,0,0,0,0,0,0,9,163,3.23861831116527
1001848,"BB_485_ChA2_R1 1001848",0,0,0,0,0,0,0,0,0,0,0,0,1,0,144,0,0,0,0,0,0,0,0,0,0,0,0,0,13,158,1.38002939574196
1002148,"BB_49_BrA1_R2-2 1002148",0,4,0,0,0,0,0,0,3,0,0,0,0,0,0,0,0,0,0,0,0,0,0,0,0,0,0,0,4,11,2.97445151921282
1002038,"BB_5_KaA2_R2 1002038",0,1,0,0,0,0,0,0,0,0,0,0,0,0,0,0,0,0,0,0,0,0,0,0,0,0,0,0,6,7,1.50699306577254
1002153,"BB_50_BrA2_R2-2 1002153",0,156,0,0,0,0,0,0,0,0,0,0,0,0,0,0,0,0,0,0,0,0,0,0,0,0,0,0,17,173,1.37885847462528
1001827,"BB_508_BrA1_R1 1001827",0,0,0,0,0,0,0,0,0,0,0,0,0,0,140,0,0,0,0,0,0,0,0,0,0,0,0,0,4,144,1.13533816051868
1002144,"BB_52_StMA3_R2-2 1002144",0,4,0,0,0,0,0,0,0,0,0,0,0,0,0,186,0,0,0,0,0,0,0,0,0,0,0,0,18,208,1.47362710446224
1002127,"BB_526_StMA3_R2 1002127",0,31,0,0,0,0,0,0,0,0,0,0,0,0,127,0,0,0,0,0,0,0,0,0,0,0,0,0,43,201,2.48009065898506
1002101,"BB_536_NaVA3_R2 1002101",0,0,0,0,0,0,0,266,0,0,0,0,0,0,0,0,0,0,0,0,0,0,0,0,0,0,0,0,15,281,1.23164654051943
1002193,"BB_55_BoA3_R3 1002193",0,0,0,0,0,0,0,0,0,0,162,21,0,0,0,0,0,0,0,0,0,0,0,0,0,0,0,0,39,222,2.135099073162
1001854,"BB_561_HoA2_R1 1001854",0,0,301,0,0,0,0,0,0,0,0,0,1,0,0,0,0,0,0,0,0,0,0,0,0,0,0,0,7,309,1.13872111674523
1002102,"BB_570_NaVA3_R2 1002102",0,0,0,0,0,0,0,175,0,0,0,0,0,0,0,0,0,0,0,0,0,0,0,0,0,0,0,0,15,190,1.31809949473387
1002009,"BB_583_BrA1_R2 1002009",0,0,154,0,0,0,0,0,0,0,0,0,0,0,0,0,0,0,0,0,0,0,0,0,0,0,0,0,12,166,1.29630827418804
1001933,"BB_594_NaVA1_R1 1001933",213,0,3,0,0,0,0,0,0,0,0,0,0,0,0,0,0,0,0,0,0,0,0,0,0,0,0,0,5,221,1.19676077035412
1002032,"BB_60_HoA3_R2 1002032",0,0,0,0,0,0,0,0,0,0,0,0,0,0,0,166,0,0,0,0,0,0,0,0,0,0,0,0,111,277,1.96070349672448
1001951,"BB_602_RyNA2_R1 1001951",0,0,0,0,0,0,0,190,0,0,0,0,0,0,1,0,0,0,0,0,0,0,0,0,0,0,0,0,6,197,1.18299668394913
1001842,"BB_606_ChA1_R1 1001842",0,0,0,0,0,0,0,15,0,0,0,0,2,0,128,0,0,0,0,0,0,0,0,0,0,0,0,0,13,158,1.92500547662081
1001908,"BB_607_KrA2_R1 1001908",0,0,0,0,0,0,0,0,0,0,0,0,10,0,142,0,0,0,0,0,0,0,0,0,0,0,0,0,18,170,1.74148762214863
1001952,"BB_609_RyNA2_R1 1001952",0,0,0,0,0,0,0,197,0,0,0,0,4,0,24,0,0,0,0,0,0,0,0,0,0,0,0,0,10,235,1.79416731933483
1001963,"BB_611_RySA1_R1 1001963",0,0,0,0,0,0,0,0,0,0,0,0,0,0,157,0,0,0,0,0,0,0,0,0,0,0,0,0,98,255,1.94670163126779
1001882,"BB_613_KaA2_R1 1001882",82,0,0,0,0,0,0,70,0,0,0,0,0,0,0,0,0,0,0,0,0,0,0,0,0,0,0,0,9,161,2.37973773889909
1001956,"BB_614_RyNA3_R1 1001956",0,0,0,0,0,0,0,142,0,0,0,0,0,0,0,0,0,0,0,0,0,0,0,0,0,0,0,0,3,145,1.10595711591848
1001953,"BB_616_RyNA2_R1 1001953",0,0,0,0,0,0,0,158,0,0,0,0,0,0,0,0,0,0,0,0,0,0,0,0,0,0,0,0,3,161,1.09710222669811
1002080,"BB_62_NaOA3_R2 1002080",0,0,0,0,0,0,0,0,153,0,0,0,0,0,0,0,0,0,0,0,0,0,0,0,0,0,0,0,20,173,1.43057971833946
1001849,"BB_626_ChA2_R1 1001849",0,0,0,0,0,0,0,0,0,0,0,0,1,0,149,0,0,0,0,0,0,0,0,0,0,0,0,0,107,257,2.01870987983694
1002090,"BB_629_NaVA1_R2 1002090",138,7,0,0,0,0,0,0,0,0,0,0,0,0,0,0,0,0,0,0,0,0,0,0,0,0,0,0,9,154,1.49894524112893
1002051,"BB_63_KrA1_R2 1002051",0,0,0,0,0,0,0,147,0,0,0,0,0,0,0,0,0,0,0,0,0,0,0,0,0,0,0,0,7,154,1.20310702625738
1001901,"BB_630_KaA3_R1 1001901",0,0,0,0,0,0,0,153,0,0,0,0,0,0,0,0,0,0,0,0,0,0,0,0,0,0,0,0,16,169,1.36782469554346
1001926,"BB_633_NaOA3_R1 1001926",51,0,5,0,0,0,0,53,0,0,0,0,0,0,25,0,0,0,0,0,1,0,0,0,0,0,0,0,114,249,3.83120222779178
1001821,"BB_635_BoA2_R1 1001821",0,0,168,0,0,0,0,0,0,0,0,0,0,0,0,0,0,0,0,0,0,0,0,0,0,0,0,0,7,175,1.18287054280281
1001948,"BB_646_RyNA1_R1 1001948",0,0,5,0,0,0,0,0,0,0,0,0,3,0,137,0,0,2,0,0,0,0,0,0,0,0,0,0,21,168,1.9261084216345
1002097,"BB_649_NaVA2_R2 1002097",0,203,0,0,0,0,0,0,0,0,0,0,0,0,0,0,0,0,0,0,0,0,0,0,0,0,0,0,39,242,1.55516790885726
1001880,"BB_656_KaA1_R1 1001880",0,0,0,0,0,0,0,0,0,0,0,0,0,0,151,0,0,0,0,0,0,0,0,0,0,0,0,0,10,161,1.26205217772664
1002133,"BB_66_StMA1_R2-2 1002133",0,0,299,0,0,0,0,0,0,0,0,0,0,0,0,0,0,0,0,0,0,0,0,0,0,0,0,0,6,305,1.10159634390121
1002103,"BB_665_NaVA3_R2 1002103",0,0,0,0,0,0,0,176,0,0,0,0,1,0,0,0,0,0,0,0,0,0,0,0,0,0,0,0,8,185,1.23551401857496
1001935,"BB_667_NaVA2_R1 1001935",0,0,14,0,0,0,0,5,0,0,0,0,0,0,0,0,0,0,0,0,126,0,0,0,0,0,0,0,11,156,1.98600071852844
1001991,"BB_67_BoA2_R2 1001991",0,10,64,0,0,0,0,0,0,0,0,0,0,0,100,0,0,0,0,0,0,0,0,0,0,0,0,0,11,185,2.78788790338579
1002104,"BB_673_NaVA3_R2 1002104",0,0,0,0,0,0,0,188,0,0,0,0,0,0,0,0,0,0,0,0,0,0,0,0,0,0,0,0,13,201,1.27079927011077
1002179,"BB_69_NaVA3_R2-2 1002179",0,0,170,0,0,0,0,0,0,0,0,0,0,0,0,0,0,0,0,0,0,0,0,0,0,0,0,0,2,172,1.06540475148473
1002118,"BB_690_StMA2_R2 1002118",0,0,0,0,0,0,0,0,19,0,0,0,0,0,0,131,0,0,0,0,0,0,0,0,0,0,0,0,25,175,2.08721616422591
1001936,"BB_699_NaVA2_R1 1001936",0,0,1,0,0,0,0,17,0,0,0,0,0,0,144,0,0,0,0,0,0,0,0,0,0,0,0,0,27,189,2.07414591731702
1002059,"BB_7_KrA3_R2 1002059",0,143,0,0,0,0,0,0,0,0,0,0,0,0,0,0,0,0,0,0,0,0,0,0,0,0,0,0,13,156,1.33220569124945
1001828,"BB_70_BrA2_R1 1001828",138,0,0,0,0,0,0,2,0,0,0,0,0,0,0,0,0,0,0,0,1,0,6,0,0,0,0,0,54,201,2.1997959769077
1001961,"BB_702_RySA1_R1 1001961",13,0,2,0,0,0,0,137,0,0,0,0,0,0,0,0,0,0,0,0,0,0,0,0,0,0,0,0,5,157,1.63320414020059
1001905,"BB_706_KrA1_R1 1001905",0,0,2,0,0,0,0,0,0,0,0,0,0,0,143,0,0,0,0,0,0,0,0,0,0,0,0,0,30,175,1.67942058298863
1001949,"BB_708_RyNA1_R1 1001949",0,0,0,0,0,24,0,115,0,0,0,0,0,0,0,0,0,0,0,0,0,0,0,0,0,0,0,0,20,159,2.18257886796337
1002091,"BB_720_NaVA1_R2 1002091",0,225,5,0,0,0,0,0,0,0,0,0,0,0,0,0,0,0,0,0,0,0,0,0,0,0,0,0,21,251,1.46756026824089
1001883,"BB_722_KaA2_R1 1001883",0,0,0,0,0,0,0,0,4,0,0,0,1,0,135,0,0,0,0,0,0,0,0,0,0,0,0,0,11,151,1.52251737286985
1002119,"BB_727_StMA2_R2 1002119",0,0,0,0,0,0,0,0,0,0,0,0,0,0,0,0,0,0,0,0,0,0,0,0,0,0,0,0,14,14,1
1001903,"BB_735_KrA1_R1 1001903",150,0,3,0,0,0,0,0,0,0,0,0,0,0,1,0,0,0,0,0,0,0,0,0,0,0,0,0,24,178,1.6691599906025
1002011,"BB_741_BrA2_R2 1002011",0,58,0,0,0,0,0,0,0,0,0,0,0,0,88,0,0,0,0,0,0,0,0,0,0,0,0,0,94,240,2.93943653267279
1001909,"BB_745_KrA2_R1 1001909",0,0,0,0,0,0,0,0,0,0,0,0,4,0,25,0,0,0,0,0,0,0,0,0,0,0,0,0,39,68,2.3475926350033
1002194,"BB_75_BoA3_R3 1002194",0,0,0,0,0,0,0,0,0,0,0,0,0,0,0,0,0,0,0,124,0,0,0,0,0,0,0,0,28,152,1.6123913907092
1001957,"BB_758_RyNA3_R1 1001957",0,0,0,0,0,0,0,1,0,0,0,0,0,0,163,0,0,0,0,0,0,0,0,0,0,0,0,0,64,228,1.85958859501742
1001843,"BB_761_ChA1_R1 1001843",0,0,0,0,0,0,0,0,0,0,0,0,1,0,143,0,0,0,0,0,0,0,0,0,0,0,0,0,12,156,1.362655129348
1001978,"BB_762_StMA3_R1 1001978",0,0,1,0,0,0,0,132,1,0,0,0,0,0,0,0,0,0,0,0,0,0,0,0,0,0,0,0,14,148,1.48088557614426
1001850,"BB_777_ChA2_R1 1001850",134,0,0,0,0,0,0,0,0,0,0,0,1,0,0,0,0,0,0,0,0,0,0,0,0,0,0,0,18,153,1.49299304047245
1001954,"BB_782_RyNA2_R1 1001954",0,0,61,0,0,0,0,0,0,0,0,0,4,0,76,0,0,0,0,0,1,0,0,21,0,0,0,0,22,185,3.8290419338025
1001836,"BB_787_BrA2_R1 1001836",0,0,0,0,0,0,0,4,0,0,0,0,1,0,0,0,0,0,0,0,171,0,0,0,0,0,0,0,6,182,1.32785653511225
1002120,"BB_789_StMA2_R2 1002120",0,0,1,0,0,0,0,0,144,0,0,0,0,0,0,0,0,0,0,0,0,0,0,0,0,0,0,0,60,205,1.884522406723
1002212,"BB_79_RyNA3_R3 1002212",0,0,0,0,0,0,0,0,0,1,0,0,0,0,0,6,144,0,0,0,0,0,0,0,0,0,0,0,20,171,1.72169767264288
1001966,"BB_795_RySA2_R1 1001966",137,0,17,0,0,0,0,0,0,0,0,0,1,0,5,0,0,0,0,0,0,0,0,0,0,0,0,0,13,173,2.0947957924752
1001939,"BB_797_NaVA2_R1 1001939",0,0,0,0,0,0,0,0,0,0,0,0,0,0,0,0,0,0,0,0,176,0,0,0,0,0,0,0,13,189,1.28464149629861
1001851,"BB_805_ChA2_R1 1001851",0,0,0,0,0,0,0,219,0,0,0,0,2,0,0,0,0,0,0,0,0,0,0,0,0,0,0,0,19,240,1.38296994982914
1001950,"BB_810_RyNA1_R1 1001950",106,0,7,0,0,0,0,0,0,0,0,0,0,0,0,0,0,0,0,0,0,0,0,31,0,0,0,0,7,151,2.35891342305652
1001855,"BB_814_HoA2_R1 1001855",0,0,137,0,0,0,0,48,0,0,0,0,0,0,0,0,0,0,0,0,0,0,0,0,0,0,0,0,18,203,2.27317553312948
1002140,"BB_82_StMA2_R2-2 1002140",0,0,0,0,0,0,0,0,0,0,0,1,0,0,0,171,0,0,0,0,0,0,0,0,0,0,0,0,28,200,1.54602387683797
1001832,"BB_827_BrA2_R1 1001832",111,0,1,0,0,0,0,6,0,0,0,0,0,7,0,0,0,0,0,0,0,0,21,0,0,0,0,0,32,178,3.08262609912968
1002143,"BB_83_StMA3_R2-2 1002143",0,12,0,0,0,0,0,0,1,0,0,0,0,0,0,0,0,0,0,0,0,0,0,0,0,0,0,0,7,20,2.27896121459488
1002128,"BB_835_StMA3_R2 1002128",0,10,0,0,0,0,0,0,0,0,0,0,1,0,157,0,0,0,0,0,0,0,0,0,0,0,0,0,34,202,1.95595407523477
1001823,"BB_840_BoA3_R1 1001823",0,0,13,0,0,0,0,37,0,0,0,0,0,0,0,0,0,0,0,0,146,0,0,0,0,0,0,0,12,208,2.44350505791779
1002098,"BB_842_NaVA2_R2 1002098",0,0,0,0,0,0,0,0,164,0,0,0,0,0,0,0,0,0,0,0,0,0,0,0,0,0,0,0,43,207,1.66684531511641
1002010,"BB_85_BrA2_R2 1002010",140,11,0,0,0,0,0,0,0,0,0,0,1,0,0,0,0,0,0,0,0,0,0,0,0,0,0,0,20,172,1.86550661409803
1001852,"BB_850_ChA3_R1 1001852",9,0,0,0,0,0,0,190,0,0,0,0,0,0,0,0,0,0,0,0,1,0,0,0,0,0,0,0,11,211,1.50428919261209
1001964,"BB_857_RySA1_R1 1001964",138,0,1,0,0,0,0,0,0,0,0,0,0,0,0,0,0,0,0,0,0,0,0,0,0,0,0,0,7,146,1.26243497754501
1001965,"BB_860_RySA1_R1 1001965",0,0,0,0,0,0,0,0,1,0,0,0,2,0,149,0,0,0,0,0,0,0,0,0,0,0,0,0,15,167,1.49459580635719
1002129,"BB_861_StMA3_R2 1002129",0,93,0,0,0,0,0,0,11,0,0,0,0,0,61,0,0,0,0,0,0,0,0,0,0,0,0,0,27,192,3.17434760550206
1001833,"BB_866_BrA2_R1 1001833",168,0,0,0,0,0,0,0,0,0,0,0,0,0,0,0,0,0,0,0,0,0,0,0,0,0,0,0,29,197,1.5186709362029
1002121,"BB_868_StMA2_R2 1002121",0,0,0,0,0,0,0,0,5,0,0,0,0,0,78,81,0,0,0,0,0,0,0,0,0,0,0,0,13,177,2.74937767052596
1002165,"BB_87_NaVA1_R2-2 1002165",0,1,0,0,0,0,0,0,143,0,0,0,0,0,0,0,0,0,0,0,0,0,0,0,0,0,0,0,21,165,1.51790149735735
1002012,"BB_873_BrA2_R2 1002012",0,148,0,0,0,0,0,0,0,0,0,0,1,0,48,0,0,0,0,0,0,0,0,0,0,0,0,0,24,221,2.37662508132018
1001884,"BB_877_KaA2_R1 1001884",162,0,0,0,0,0,0,0,0,0,0,0,1,0,3,0,0,0,0,0,0,0,0,0,0,0,0,0,10,176,1.40217945336303
1001906,"BB_893_KrA1_R1 1001906",0,0,2,0,0,0,0,3,0,0,0,0,9,0,118,0,0,0,0,0,0,0,0,0,0,0,0,0,107,239,2.52618937038168
1001856,"BB_899_HoA2_R1 1001856",0,0,147,0,0,0,0,0,0,0,0,0,0,0,0,0,0,0,0,0,0,0,0,0,0,0,0,0,7,154,1.20310702625738
1002168,"BB_90_NaVA2_R2-2 1002168",0,4,22,0,0,0,0,0,0,135,0,0,0,0,0,0,0,0,0,0,0,0,0,0,0,0,0,0,3,164,1.81018154067036
1001938,"BB_900_NaVA2_R1 1001938",0,0,248,0,0,0,0,1,0,0,0,0,0,0,0,0,0,0,0,0,0,0,0,0,0,0,0,0,5,254,1.13027633435177
1002105,"BB_906_NaVA3_R2 1002105",0,0,0,0,0,0,0,179,0,0,0,0,0,0,0,0,0,0,0,0,0,0,0,0,0,0,0,0,9,188,1.21191550909267
1002130,"BB_907_StMA3_R2 1002130",0,0,0,0,0,0,0,144,0,0,0,0,0,0,0,0,0,0,0,0,0,0,0,0,0,0,0,0,22,166,1.4787072338039
1001846,"BB_909_ChA1_R1 1001846",0,0,0,0,0,0,0,137,0,0,0,0,1,0,0,0,0,0,0,0,0,0,0,0,0,0,0,0,4,142,1.18534556888114
1001985,"BB_91_BoA1_R2 1001985",0,0,40,0,0,0,0,0,0,0,0,0,0,0,0,0,0,0,0,0,0,0,0,0,0,0,0,0,5,45,1.41741118113173
1001907,"BB_910_KrA1_R1 1001907",0,0,0,0,0,0,0,6,0,0,0,0,1,0,139,0,0,0,0,0,0,0,0,0,0,0,0,0,20,166,1.74092228795274
1001967,"BB_916_RySA2_R1 1001967",0,0,0,0,0,0,0,138,8,0,0,0,1,0,0,0,0,0,0,0,0,0,0,0,0,0,0,0,20,167,1.80036011447149
1002060,"BB_92_KrA3_R2 1002060",0,0,0,0,0,0,0,0,0,0,0,0,0,0,0,0,0,0,0,0,0,0,0,0,0,0,0,0,1,1,1
1001940,"BB_922_NaVA2_R1 1001940",0,0,166,0,0,0,0,0,0,0,0,0,0,0,0,0,0,0,0,0,0,0,0,1,0,0,0,0,17,184,1.4067322405582
1002122,"BB_927_StMA2_R2 1002122",1,0,0,0,0,0,0,0,148,0,0,0,0,0,0,0,0,0,0,0,0,0,0,0,0,0,0,0,55,204,1.84463794913069
1002028,"BB_93_HoA1_R2 1002028",0,0,244,0,0,0,0,0,0,0,0,1,0,0,0,0,0,0,0,0,0,0,0,0,0,0,0,0,1,246,1.05427753904647
1001971,"BB_935_RySA3_R1 1001971",0,0,204,0,0,0,0,0,0,0,0,0,0,0,0,0,0,0,0,0,0,0,0,0,0,0,0,0,13,217,1.25447084903183
1002131,"BB_938_StMA3_R2 1002131",0,22,1,0,0,0,0,0,2,0,0,0,0,0,152,0,0,0,0,0,0,0,0,0,0,0,0,0,16,193,2.04761827897624
1002108,"BB_94_RyNA1_R2 1002108",0,0,0,0,154,0,0,0,0,0,0,0,0,0,0,0,0,0,3,0,0,0,0,0,0,0,0,0,10,167,1.37097809052014
1001927,"BB_940_NaOA3_R1 1001927",0,0,0,0,0,0,0,0,150,0,0,0,0,0,0,0,0,0,0,0,0,0,0,0,0,0,0,0,48,198,1.7399532229316
1001919,"BB_947_NaOA2_R1 1001919",152,0,0,0,0,0,0,2,0,0,0,0,0,0,0,0,0,0,0,0,0,0,0,0,0,0,0,0,2,156,1.14685100620982
1001972,"BB_948_RySA3_R1 1001972",0,0,0,0,0,0,0,0,142,0,0,0,2,0,1,0,0,0,0,0,0,0,0,0,0,0,0,0,216,361,2.05324454635066
1001941,"BB_949_NaVA2_R1 1001941",45,0,5,0,0,0,0,0,0,0,0,0,0,0,102,0,0,0,0,0,0,0,0,0,0,0,0,0,8,160,2.46418915375199
1002099,"BB_952_NaVA2_R2 1002099",0,71,0,0,0,0,0,0,0,0,0,0,0,0,98,0,0,0,0,0,0,0,0,0,0,0,0,0,14,183,2.45573636716162
1002106,"BB_958_NaVA3_R2 1002106",0,0,1,0,0,0,0,216,0,0,0,0,0,0,0,0,0,0,0,0,0,0,0,0,0,0,0,0,12,229,1.26285743148127
1001870,"BB_963_JoA2_R1 1001870",0,0,1,0,0,0,0,0,0,0,0,0,1,0,150,0,0,0,0,0,0,0,0,0,0,0,0,0,7,159,1.29203794426415
1002107,"BB_964_NaVA3_R2 1002107",1,1,0,0,0,0,0,69,0,0,0,0,0,0,0,0,0,0,0,0,0,0,0,0,0,0,0,0,2,73,1.30913738908655
1001973,"BB_966_RySA3_R1 1001973",0,0,0,0,0,0,0,158,0,0,0,0,0,0,0,0,0,0,0,0,0,0,0,0,0,0,0,0,3,161,1.09710222669811
1001834,"BB_967_BrA2_R1 1001834",1,0,0,0,0,0,0,112,0,0,0,0,0,0,0,0,0,0,0,0,0,0,17,0,0,0,0,0,13,143,2.00821112048636
1002181,"BB_97_NaVA3_R2-2 1002181",0,179,0,0,0,0,0,0,0,0,0,0,0,0,0,0,0,0,0,0,0,0,0,0,0,0,0,0,8,187,1.19325276420735
1001857,"BB_974_HoA2_R1 1001857",0,0,211,0,0,0,0,0,0,0,0,0,0,0,0,0,0,0,0,0,0,0,0,0,0,0,0,0,9,220,1.1862802887505
1001955,"BB_978_RyNA2_R1 1001955",0,0,0,0,0,0,0,203,0,0,0,0,2,0,12,0,0,0,0,0,0,0,0,0,0,0,0,0,8,225,1.50649013983006
1002123,"BB_985_StMA2_R2 1002123",0,0,0,0,0,0,0,0,0,0,0,0,0,0,0,154,0,0,0,0,0,0,0,0,0,0,0,0,30,184,1.55999462535469
1002013,"BB_988_BrA2_R2 1002013",0,11,0,0,0,0,0,0,0,0,0,0,0,0,0,0,0,0,0,0,0,0,0,0,0,0,0,0,5,16,1.86094863133081
1002014,"BB_994_BrA2_R2 1002014",0,29,0,0,0,0,0,0,0,0,0,0,0,0,0,0,0,0,0,0,0,0,0,0,0,0,0,0,5,34,1.51827255547364
1001942,"BB_998_NaVA2_R1 1001942",0,0,0,0,0,0,0,186,0,0,0,0,0,0,0,0,0,0,0,0,6,0,0,0,0,0,0,0,3,195,1.24160935463659
